Agency,State,DirectSharing,NVLS,2016Detections,2016Hits,2017Detections,2017Hits,2016To2017Detections,2016To2017Hits,AllTimeDetections,AllTimeHits,DataSharingLink,2016HitRatioReport,2017HitRatioReport,2016DetectionReport,2016HitReport,2017DetectionReport,2017HitReport,CombinedDetectionHit Data
Acworth Police Department,GA,270,Y,Not Provided,Not Provided,Not Provided,Not Provided,Not Provided,Not Provided,,,https://www.documentcloud.org/documents/4945894-Data-Sharing-Report-Acworth-Police-Department.html,,,,,,,
Alamo Heights Police Department,TX,14,Y,"1,034",Not Provided,"407,825",Not Provided,"408,859",0,,,https://www.documentcloud.org/documents/4501639-Data-Sharing-Report-Alamo-Heights-Police.html,https://www.documentcloud.org/documents/4559445-Alamo-Heights-Police-Department-Detection-and.html,https://www.documentcloud.org/documents/4559446-Alamo-Heights-Police-Department-Detection-and.html,,,,,
American Canyon Police Department,CA,27,Y,"786,289",271,"638,034",194,"1,424,323",465,,,https://www.documentcloud.org/documents/4501640-Data-Sharing-Report-American-Canyon-Police.html,https://www.documentcloud.org/documents/4559447-American-Canyon-Police-Department-Detection-and.html,https://www.documentcloud.org/documents/4559448-American-Canyon-Police-Department-Detection-and.html,,,,,
Atlanta Police Department,GA,8,,Not Provided,Not Provided,"128,555,383","786,580","128,555,383*","786,580*",,,https://www.documentcloud.org/documents/4501641-Data-Sharing-Report-Atlanta-Police-Department.html,,,,,,,https://www.documentcloud.org/documents/4559449-Atlanta-Police-Department-All-Info.html
Auburn Police Department,CA,68,Y,Not Provided,Not Provided,Not Provided,Not Provided,Not Provided,Not Provided,,,https://www.documentcloud.org/documents/4802024-Data-Sharing-Report-Auburn-Police-Department.html,,,,,,,
Austin Police Department,TX,817,Y,"2,834,037","3,225","22,693,151","37,472","25,527,188","40,697",,,https://www.documentcloud.org/documents/4432161-Data-Sharing-Report-Austin-Police-Department.html,,,http://www.documentcloud.org/documents/4439360-Austin-Police-Department-Detection-Report-2016.html,http://www.documentcloud.org/documents/4439358-Austin-Police-Department-Hit-Report-2016.html,http://www.documentcloud.org/documents/4439357-Austin-Police-Department-Detection-Report-2017.html,http://www.documentcloud.org/documents/4439359-Austin-Police-Department-Hit-Report-2017.html,
Austin Regional Intelligence Center,TX,32,,See Austin Police Department,See Austin Police Department,See Austin Police Department,See Austin Police Department,See Austin Police Department,See Austin Police Department,,,https://www.documentcloud.org/documents/4432162-Data-Sharing-Report-Austin-Regional-Intelligence.html,,,,,,,
Bakersfield Police Department,CA,111,Y,"257,260",296,"385,513",824,"642,773","1,120",,,https://www.documentcloud.org/documents/4432163-Data-Sharing-Report-Bakersfield-Police-Department.html,http://www.documentcloud.org/documents/4439353-Bakersfield-Police-Department-Hit-Ratio-Report.html,http://www.documentcloud.org/documents/4439354-Bakersfield-Police-Department-Hit-Ratio-Report.html,,,,,
Ball Ground Police Department,GA,183,,"76,978",956,"47,301",505,"124,279","1,461",,,https://www.documentcloud.org/documents/4501642-Data-Sharing-Report-Ball-Ground-Police-Department.html,https://www.documentcloud.org/documents/4559451-Ball-Ground-Police-Department-Hit-Ratio-Report.html,https://www.documentcloud.org/documents/4559450-Ball-Ground-Police-Department-Hit-Ratio-Report.html,,,,,
Banks County Sheriff's Office,GA,Not Provided,,Not Provided,311,"2,082",22,"2,082*",333,,,,,https://www.documentcloud.org/documents/4936575-Banks-County-Sheriff-Hit-Ratio-Report-2017.html,,https://www.documentcloud.org/documents/4936576-Banks-County-Sheriff-Hit-Report-2016.html,,,
Beachwood Police Department,OH,2,Y,"78,710",311,"47,134",277,"125,844",588,,,http://www.documentcloud.org/documents/4502424-Data-Sharing-Report-Beachwood-Police-Department.html,https://www.documentcloud.org/documents/4559400-Beachwood-Police-Department-Detection-Hit-Report.html,https://www.documentcloud.org/documents/4559399-Beachwood-Police-Department-Detection-Hit-Report.html,,,,,
Bell Gardens Police Department,CA,Data Incomplete,,"1,192,582",237,"3,975,940",572,"5,168,522",809,,,,,,,,,,https://www.documentcloud.org/documents/4559437-Bell-Gardens-Police-Department-Detection-and-Hit.html
Bell Police Department,CA,298,,Not Provided,Not Provided,"461,990",6,"461,990*",6*,,,https://www.documentcloud.org/documents/4501422-Bell-Police-Department-Data-Sharing-Report.html,,https://www.documentcloud.org/documents/4781833-Bell-Police-Department-Hit-Ratio-Report-2017.html,,,,,
Bernardsville Police Department,NJ,110,,"7,974",70,785,6,"8,759",76,,,https://www.documentcloud.org/documents/4559241-Data-Sharing-Report-Bernardsville-Police.html,,,,,,,https://www.documentcloud.org/documents/4781953-Bernardsville-Police-Department-Detections-Hits.html
Beverly Hills Police Department,CA,0,,"30,010,215","2,009","24,888,577","8,268","54,898,792","10,277",,,https://www.documentcloud.org/documents/4432164-Data-Sharing-Report-Beverly-Hills-Police.html,http://www.documentcloud.org/documents/4439355-Beverly-Hills-Police-Department-Hit-Ratio-Report.html,http://www.documentcloud.org/documents/4439356-Beverly-Hills-Police-Department-Hit-Ratio-Report.html,,,,,
Blairsville Police Department,GA,102,,"336,077",n/a,"261,253","1,697","597,330","1,697",,,https://www.documentcloud.org/documents/4501643-Data-Sharing-Report-Blairsville-Police-Department.html,,,https://www.documentcloud.org/documents/4559452-Blairsville-Police-Department-Detection-Report.html,,https://www.documentcloud.org/documents/4559453-Blairsville-Police-Department-Detection-Report.html,https://www.documentcloud.org/documents/4559454-Blairsville-Police-Department-Hit-Report-2017.html,
Blue Mound Police Department,TX,0,Y,Not Provided,Not Provided,Not Provided,Not Provided,Not Provided,Not Provided,,,https://www.documentcloud.org/documents/4559244-Data-Sharing-Report-Blue-Mound-Police-Department.html,,,,,,,
Bossier Parish Sheriff's Office,LA,Not Provided,,n/a,n/a,"1,387,007","161,922","1,387,007*","161,922*",,,,,https://www.documentcloud.org/documents/4857973-Bossier-Parish-Sheriff-Detections-Hits-2017.html,,,,,
Brea Police Department,CA,22,Y,Not Provided,Not Provided,Not Provided,Not Provided,"1,786,760",618,,,https://www.documentcloud.org/documents/4501417-Brea-Police-Department-Data-Sharing-Report.html,,,https://www.documentcloud.org/documents/4559436-Brea-Police-Department-Detection-Report-2016.html,https://www.documentcloud.org/documents/4559435-Brea-Police-Department-Hit-Report-2016.html,,,
Brentwood Police Department,CA,136,Y,"2,096,585","2,208","12,907,973","5,969","15,004,558","8,177",,,https://www.documentcloud.org/documents/4432165-Data-Sharing-Report-Brentwood-Police-Department.html,,,,,,,http://www.documentcloud.org/documents/4439347-Brentwood-Police-Department-Data-Sharing-Report.html
"Bristol Township Police Department
",PA,0,,"194,289",106,"268,481",410,"462,770",516,,,https://www.documentcloud.org/documents/4501421-Bristol-Township-Police-Department-Data-Sharing.html,https://www.documentcloud.org/documents/4559434-Bristol-Township-Police-Department-Hit-Ratio.html,https://www.documentcloud.org/documents/4559433-Bristol-Township-Police-Department-Hit-Ratio.html,,,,,
Broome County Sheriff's Office,NY,53,Y,"223,153","1,729","284,754","1,729","507,907","3,458",,,https://www.documentcloud.org/documents/4501418-Broome-County-Sheriff-Data-Sharing-Report.html,https://www.documentcloud.org/documents/4559432-Broome-County-Sheriff-Hit-Ratio-Report-2016.html,https://www.documentcloud.org/documents/4559431-Broome-County-Sheriff-Hit-Ratio-Report-2017.html,,,,,
Buena Park Police Department,CA,135,Y,"696,203",692,"589,061",300,"1,285,264",992,,,https://www.documentcloud.org/documents/4501419-Buena-Park-Police-Department-Data-Sharing-Report.html,https://www.documentcloud.org/documents/4559430-Buena-Park-Police-Department-Hit-Ratio-Report-2016.html,https://www.documentcloud.org/documents/4559429-Buena-Park-Police-Department-Hit-Ratio-Report-2017.html,,,,,
Buffalo Police Department,NY,137,Y,"39,941,552",Not Provided,"45,577,684",Not Provided,"85,519,236",Not Provided,,,https://www.documentcloud.org/documents/4432166-Data-Sharing-Report-Buffalo-Police-Department.html,,,,,,,http://www.documentcloud.org/documents/4439336-Buffalo-Police-Department-Data-Contribution-2016.html
Burbank Police Department,CA,0,,n/a,n/a,n/a,n/a,0,0,,,https://www.documentcloud.org/documents/4432167-Data-Sharing-Report-Burbank-Police-Department.html,,,,,,,
Burr Ridge Police Department,IL,851,Y,"15,028",38,"304,402",594,"319,430",632,,,https://www.documentcloud.org/documents/4501644-Data-Sharing-Report-Burr-Ridge-Police-Department.html,https://www.documentcloud.org/documents/4559455-Burr-Ridge-Police-Department-Hit-Ratio-Report-2016.html,https://www.documentcloud.org/documents/4559456-Burr-Ridge-Police-Department-Hit-Ratio-Report-2017.html,,,,,
Byron Police Department,GA,804,Y,"13,554",372,"7,663",99,"21,217",471,,,https://www.documentcloud.org/documents/4501645-Data-Sharing-Report-Byron-Police-Department.html,https://www.documentcloud.org/documents/4559457-Byron-Police-Department-Hit-Ratio-Report-2016.html,https://www.documentcloud.org/documents/4559458-Byron-Police-Department-Hit-Ratio-Report-2017.html,,,,,
California Department of Justice - Bureau of Firearms,CA,196,Y,0,0,3,1,3,1,,,https://www.documentcloud.org/documents/4945899-Data-Sharing-Report-CADOJ-Bureau-of-Firearms.html,,,,,,,https://www.documentcloud.org/documents/4945907-CADOJ-Bureau-of-Firearms-Detections-2016-2017.html
California Franchise Tax Board,CA,0,,n/a,n/a,n/a,n/a,0,0,,,https://www.documentcloud.org/documents/4432168-Data-Sharing-Report-California-Franchise-Tax-Board.html,http://www.documentcloud.org/documents/4439352-California-Franchise-Tax-Board-Data-Contribution.html,http://www.documentcloud.org/documents/4439348-California-Franchise-Tax-Board-Data-Contribution.html,,,,,
Carlsbad Police Department,CA,198,,Not Provided,Not Provided,"8,363,866","2,358","8,363,866*","2,358*",,,https://www.documentcloud.org/documents/4432169-Data-Sharing-Report-Carlsbad-Police-Department-CA.html,,http://www.documentcloud.org/documents/4439349-Carlsbad-Police-Department-Hit-Ratio-Report-2017.html,,,http://www.documentcloud.org/documents/4439341-Carlsbad-Police-Department-Detection-Report-2017.html,,
Cartersville Police Department,GA,201,Y,"90,147","1,422","406,861","6,443","497,008","7,865",,,https://www.documentcloud.org/documents/4501412-Cartersville-Police-Department-Data-Sharing-Report.html,https://www.documentcloud.org/documents/4559428-Cartersville-Police-Department-Hit-Ratio-Report.html,https://www.documentcloud.org/documents/4559427-Cartersville-Police-Department-Hit-Ratio-Report.html,,,,,
Casa Grande Police Department,AZ,24,Y,Not Provided,Not Provided,"18,745",5,"18,745*",5*,,,https://www.documentcloud.org/documents/4501420-Casa-Grande-Police-Department-Data-Sharing-Report.html,,https://www.documentcloud.org/documents/4559426-Casa-Grande-Police-Department-Hit-Ratio-Report.html,,,,,
Cathedral City Police Department,CA,732,Y,Not Provided,Not Provided,Not Provided,Not Provided,Not Provided,Not Provided,,,https://www.documentcloud.org/documents/4559257-Data-Sharing-Report-Cathedral-City-Police.html,,,,,,,
Cecil County Sheriff's Office,MD,53,Y,Not Provided,Not Provided,Not Provided,Not Provided,Not Provided,Not Provided,,"3,991",https://www.documentcloud.org/documents/4432170-Data-Sharing-Report-Cecil-County-Sheriff.html,,,,,,,https://www.documentcloud.org/documents/4637761-Cecil-County-Sheriff-2016-2017-Combined-Hits.html
Cedar Hill Police Department,TX,12,Y,"304,157",450,"238,351",304,"542,508",754,,,https://www.documentcloud.org/documents/4501646-Data-Sharing-Report-Cedar-Hill-Police-Department.html,,,https://www.documentcloud.org/documents/4559459-Cedar-Hill-Police-Department-Detection-Report-2016.html,https://www.documentcloud.org/documents/4559461-Cedar-Hill-Police-Department-Hit-Report-2016.html,https://www.documentcloud.org/documents/4559460-Cedar-Hill-Police-Department-Detection-Report-2017.html,https://www.documentcloud.org/documents/4559462-Cedar-Hill-Police-Department-Hit-Report-2017.html,
Cedar Rapids Police Department,IA,778,Y,"494,542","5,010","864,391","7,415","1,358,933","12,425",,,https://www.documentcloud.org/documents/4432171-Data-Sharing-Report-Cedar-Rapids-Police-Department.html,,,http://www.documentcloud.org/documents/4439342-Cedar-Rapids-Police-Department-Detection-Report.html,http://www.documentcloud.org/documents/4439344-Cedar-Rapids-Police-Department-Hit-Report-2016.html,http://www.documentcloud.org/documents/4439343-Cedar-Rapids-Police-Department-Detection-Report.html,http://www.documentcloud.org/documents/4439350-Cedar-Rapids-Police-Department-Hit-Report-2017.html,
Cedartown Police Department,GA,128,,"253,873","3,862","302,025","4,138","555,898","8,000",,,https://www.documentcloud.org/documents/4501647-Data-Sharing-Report-Cedartown-Police-Department.html,https://www.documentcloud.org/documents/4559463-Cedartown-Police-Department-Hit-Ratio-Report-2016.html,https://www.documentcloud.org/documents/4559464-Cedartown-Police-Department-Hit-Ratio-Report-2017.html,,,,,
Cincinnati Police Department,OH,24,Y,Not Provided,Not Provided,"18,669,067","285,264","18,669,067*","285,264*",,,https://www.documentcloud.org/documents/4432242-Data-Sharing-Report-SOSINK.html,,http://www.documentcloud.org/documents/4439345-Cincinnati-Police-Department-Detection.html,,,,,
Citrus Heights Police Department,CA,70,Y,"3,160,544","1,426","7,306,453","3,053","10,466,997","4,479",,,https://www.documentcloud.org/documents/4501413-Citrus-Heights-Police-Department-Data-Sharing.html,,,,,,,https://www.documentcloud.org/documents/4857995-Citrus-Heights-Police-Department-Detections-Hits.html
Clackamas County Sheriff's Office,OR,41,Y,"497,020","4,725","186,995","1,451","684,015","6,176",,,https://www.documentcloud.org/documents/4432172-Data-Sharing-Report-Clackamas-County-Sheriff.html,http://www.documentcloud.org/documents/4439346-Clackamas-County-Sheriff-S-Office-Hit-Ratio.html,http://www.documentcloud.org/documents/4439351-Clackamas-County-Sheriff-S-Office-Hit-Ratio.html,,,,,
Claremont Police Department,CA,15,,"30,051,601","10,546","28,030,054","11,544","58,081,655","22,090",,,https://www.documentcloud.org/documents/4501414-Claremont-Police-Department-Data-Sharing-Report.html,,,,,,,https://www.documentcloud.org/documents/4501414-Claremont-Police-Department-Data-Sharing-Report.html#document/p4/a449654
Clayton Police Department,MO,72,,"744,360","7,092","1,100,437","8,134","1,844,797","15,226",,,https://www.documentcloud.org/documents/4501415-Clayton-Police-Department-Data-Sharing-Report.html,,,,,,,https://www.documentcloud.org/documents/4559425-Clayton-Police-Department-Detection-and-Hit.html
Cleburne Police Department,TX,0,Y,Not Provided,Not Provided,"608,875","2,897","608,875*","2,897*",,,https://www.documentcloud.org/documents/4559238-Data-Sharing-Report-Cleburne-Police-Department.html,,https://www.documentcloud.org/documents/4560292-Cleburne-Police-Department-Hit-Ratio-Report-2017.html,,,,,
Cobb County Police Department,GA,33,Y,Not Provided,Not Provided,Not Provided,Not Provided,"2,312,033","34,191",,,https://www.documentcloud.org/documents/4559248-Data-Sharing-Report-Cobb-County-Police-Department.html,,https://www.documentcloud.org/documents/4560293-Cobb-County-Police-Department-Hit-Ratio-Report.html,,,,,
College Park Police Department,GA,728,Y,"847,171","25,569","476,943","9,805","1,324,114","35,374",,,https://www.documentcloud.org/documents/4501416-College-Park-Police-Department-Data-Sharing-Report.html,,,https://www.documentcloud.org/documents/4559424-College-Park-Police-Department-Detection-Report.html,https://www.documentcloud.org/documents/4559422-College-Park-Police-Department-Hit-Report-2016.html,https://www.documentcloud.org/documents/4559423-College-Park-Police-Department-Detection-Report.html,https://www.documentcloud.org/documents/4559421-College-Park-Police-Department-Hit-Report-2017.html,
College Station Police Department,TX,133,Y,"345,888",207,"680,518",392,"1,026,406",599,,,https://www.documentcloud.org/documents/4501446-Data-Sharing-Report-College-Station-Police.html,https://www.documentcloud.org/documents/4787379-College-Station-Police-Department-Hit-Ratio.html,https://www.documentcloud.org/documents/4857885-College-Station-Police-Department-Hit-Ratio.html,,,,,
Collier County Sheriff's Office,FL,45,Y,"4,475,585","115,810","2,853,598","66,945","7,329,183","182,755",,,https://www.documentcloud.org/documents/4432173-Data-Sharing-Report-Collier-County-Sheriff.html,,,,,,,http://www.documentcloud.org/documents/4439328-Collier-County-Sheriff-Hit-Ratio-Report-2016-17-18.html
Colorado State Patrol,CO,Data Incomplete,,"62,164",0,"673,345",0,"735,509",0,,,,http://www.documentcloud.org/documents/4439329-Colorado-State-Patrol-Hit-Ratio-Report-2016.html,http://www.documentcloud.org/documents/4439337-Colorado-State-Patrol-Hit-Ratio-Report-2017.html,,,,,
Conroe Police Department,TX,110,Y,Not Provided,Not Provided,Not Provided,Not Provided,Not Provided,Not Provided,,,https://www.documentcloud.org/documents/4501409-Conroe-Police-Department-Data-Sharing-Report.html,,,,,,,
Contra Costa County Sheriff's Office,CA,124,Y,"4,151,684","3,661","11,839,859","26,336","15,991,543","29,997",,,https://www.documentcloud.org/documents/4442845-Data-Sharing-Report-Contra-Costa-County-Sheriff.html,,https://www.documentcloud.org/documents/4637766-Contra-Costa-County-Hit-Report-2017.html,,,,,
Coppell Police Department,TX,64,,"12,068,787","13,737","24,247,502","45,988","36,316,289","59,725",,,https://www.documentcloud.org/documents/4802027-Data-Sharing-Report-Coppell-Police-Department.html,,,,,,,https://www.documentcloud.org/documents/4857997-Coppell-Police-Department-Hit-Ratio-Report-2016.html
Coral Gables Police Department,FL,38,Y,"3,860,465","131,967","30,016,856","980,804","33,877,321","1,112,771",,,https://www.documentcloud.org/documents/4559247-Data-Sharing-Report-Coral-Gables-Police-Department.html,,https://www.documentcloud.org/documents/4560289-Coral-Gables-Police-Department-Hit-Ratio-Report.html,https://www.documentcloud.org/documents/4560294-Coral-Gables-Police-Department-Detection-Report.html,https://www.documentcloud.org/documents/4560296-Coral-Gables-Police-Department-Hit-Report-2016.html,https://www.documentcloud.org/documents/4560295-Coral-Gables-Police-Department-Detection-Report.html,,
Coral Springs Police Department,FL,44,Y,"8,630,704","238,231","5,611,762","173,805","14,242,466","412,036",,,https://www.documentcloud.org/documents/4501648-Data-Sharing-Report-Coral-Springs-Police.html,,,,,,,https://www.documentcloud.org/documents/4781198-Coral-Springs-Police-Department-Hit-Ratio-Report.html
Corona Police Department,CA,150,,"1,078,962",927,"468,523",275,"1,547,485","1,202",,,http://www.documentcloud.org/documents/4432175-Data-Sharing-Report-Corona-Police-Department.html,,,http://www.documentcloud.org/documents/4439330-Corona-Police-Department-Detection-Report-2016.html,http://www.documentcloud.org/documents/4439339-Corona-Police-Department-Hit-Report-2016.html,http://www.documentcloud.org/documents/4439338-Corona-Police-Department-Detection-Report-2017.html,http://www.documentcloud.org/documents/4439331-Corona-Police-Department-Hit-Report-2017.html,
Costa Mesa Police Department,CA,Not Provided,,"290,699",632,"230,304",271,"521,003",903,,,,,,https://www.documentcloud.org/documents/4781218-Costa-Mesa-Police-Department-Detections-Hits-2016.html,https://www.documentcloud.org/documents/4781221-Costa-Mesa-Police-Department-Hits-2016.html,https://www.documentcloud.org/documents/4781219-Costa-Mesa-Police-Department-Detections-Hits-2017.html,https://www.documentcloud.org/documents/4781222-Costa-Mesa-Police-Department-Hits-2017.html,
Covington Police Department,GA,Not Provided,,"502,180","6,502",n/a,n/a,"502,180","6,502",,,,,https://www.documentcloud.org/documents/4559420-Covington-Police-Department-Hit-Ratio-Report-2017.html,,,,,
Coweta County Sheriff's Office,GA,267,Y,Not Provided,Not Provided,Not Provided,Not Provided,"2,118,422","23,231",,,http://www.documentcloud.org/documents/4432176-Data-Sharing-Report-Coweta-County-Sheriffs-Office.html,,,,,,,http://www.documentcloud.org/documents/4439340-Coweta-County-Sheriff-S-Office-Hit-Ratio-Report.html
CSU Fullerton Police Department,CA,121,Y,"87,653",40,"190,208",80,"277,861",120,,,https://www.documentcloud.org/documents/4432177-Data-Sharing-Report-CSU-Fullerton-Police.html,http://www.documentcloud.org/documents/4439332-CSU-Fullerton-Police-Department-Hit-Ratio-Report.html,http://www.documentcloud.org/documents/4439333-CSU-Fullerton-Police-Department-Hit-Ratio-Report.html,,,,,
Cumming Police Department,GA,0,Y,"277,215","1,995","174,036","1,106","451,251","3,101",,,https://www.documentcloud.org/documents/4501636-Data-Sharing-Report-Cumming-Police-Department.html,,,,,,,http://www.documentcloud.org/documents/4559468-Cummings-Police-Department-Hit-Ratio-Report-2016.html
Cypress Police Department,CA,431,Y,"53,280",20,"96,053",62,"149,333",82,,,https://www.documentcloud.org/documents/4501649-Data-Sharing-Report-Cypress-Police-Department.html,https://www.documentcloud.org/documents/4781200-Cypress-Police-Department-Hit-Ratio-Report-2016.html,https://www.documentcloud.org/documents/4781201-Cypress-Police-Department-Hit-Ratio-Report-2017.html,,,,,
Darien Police Department,CT,18,Y,"30,688",33,"4,948",2,"35,636",35,,,https://www.documentcloud.org/documents/4501410-Darien-Police-Department-Data-Sharing-Report.html,,,https://www.documentcloud.org/documents/4559419-Darien-Police-Department-Detection-Report-2016.html,https://www.documentcloud.org/documents/4559417-Darien-Police-Department-Hit-Report-2016.html,https://www.documentcloud.org/documents/4559418-Darien-Police-Department-Detection-Report-2017.html,https://www.documentcloud.org/documents/4559416-Darien-Police-Department-Hit-Report-2017.html,
Deer Park Police Department ,TX,11,Y,"49,878",153,"238,566",922,"288,444","1,075",,,https://www.documentcloud.org/documents/4559246-Data-Sharing-Report-Deer-Park-Police-Department.html,https://www.documentcloud.org/documents/4560290-Deer-Park-Police-Department-Hit-Ratio-Report-2016.html,https://www.documentcloud.org/documents/4560291-Deer-Park-Police-Department-Hit-Ratio-Report-2017.html,,,,,
Denton Police Department,TX,37,Y,"1,040,633","6,674","957,274","5,150","1,997,907","11,824",,,https://www.documentcloud.org/documents/4432178-Data-Sharing-Report-Denton-Police-Department.html,http://www.documentcloud.org/documents/4439318-Denton-Police-Department-Hit-Ratio-Report-2016.html,http://www.documentcloud.org/documents/4439319-Denton-Police-Department-Hit-Ratio-Report-2017.html,,,,,
Dillard Police Department,GA,171,Y,Not Provided,Not Provided,Not Provided,Not Provided,"660,422",0,,,http://www.documentcloud.org/documents/4502419-Data-Sharing-Report-Dillard-Police-Department.html,,,,,,,https://www.documentcloud.org/documents/4639702-Dillard-Police-Department-Hit-Ratio-2016-2017.html
Dilley Police Department,TX,0,Y,"4,369",3,362,0,"4,731",3,,,https://www.documentcloud.org/documents/4559251-Data-Sharing-Report-Dilley-Police-Department.html,https://www.documentcloud.org/documents/4560287-Dilley-Police-Department-Hit-Ratio-Report-2016.html,https://www.documentcloud.org/documents/4560288-Dilley-Police-Department-Hit-Ratio-Report-2017.html,,,,,
Douglasville Police Department,GA,744,Y,Not Provided,Not Provided,"320,516","4,212","320,516*","4,212*",,,https://www.documentcloud.org/documents/4501411-Douglasville-Police-Department-Data-Sharing-Report.html,,,,,https://www.documentcloud.org/documents/4559415-Douglasville-Police-Department-Detection-Report.html,https://www.documentcloud.org/documents/4559414-Douglasville-Police-Department-Hit-Report-2017.html,
Downers Grove Police Department,IL,81,Y,Not Provided,Not Provided,Not Provided,Not Provided,Not Provided,Not Provided,,,https://www.documentcloud.org/documents/4559243-Data-Sharing-Report-Downers-Grove-Police.html,,,,,,,
Downey Police Department,CA,779,Y,"24,003,352","2,564","40,019,003","18,525","64,022,355","21,089",,,https://www.documentcloud.org/documents/4618894-Data-Sharing-Report-Downey-Police-Department.html,,,,,,,https://www.documentcloud.org/documents/4618893-Downey-Police-Department-Detection-and-Hit.html
Dublin Police Department,OH,624,,"101,336",130,"1,495,703","1,292","1,597,039","1,422",,,https://www.documentcloud.org/documents/4802028-Data-Sharing-Report-Dublin-Police-Department-OH.html,https://www.documentcloud.org/documents/4858003-Dublin-Police-Department-OH-Detection-Hits-2016.html,https://www.documentcloud.org/documents/4858004-Dublin-Police-Department-OH-Detection-Hits-2017.html,,,,,
Dunwoody Police Department,GA,9,Y,"280,962","4,172","525,866","6,966","806,828","11,138",,,https://www.documentcloud.org/documents/4946396-Data-Sharing-Report-Dunwoody-Police-Department.html,,,,,,,https://www.documentcloud.org/documents/4946397-Dunwoody-Police-Department-Hit-Ratio-Report-2016.html
Edinburg Police Department,TX,59,Y,Not Provided,Not Provided,"86,965",137,"86,965*",137*,,,http://www.documentcloud.org/documents/4502417-Data-Sharing-Report-Edinburgh-Police-Department.html,,https://www.documentcloud.org/documents/4559398-Edinburgh-Police-Department-HIt-Ratio-Report-2017.html,,,,,
El Dorado County Sheriff's Office,CA,0,,"2,821,708","1,628","2,259,624",491,"5,081,332","2,119",,,https://www.documentcloud.org/documents/4432180-Data-Sharing-Report-El-Dorado-County-Sheriff.html,,,,,,,http://www.documentcloud.org/documents/4439323-El-Dorado-County-Sheriff-Responsive-2016-2017.html
Elgin Police Department,IL,12,Y,"1,346,709","3,394","879,999","1,851","2,226,708","5,245",,,https://www.documentcloud.org/documents/4432181-Data-Sharing-Report-Elgin-Police-Department.html,,,,,,,http://www.documentcloud.org/documents/4439324-Elgin-Police-Department-Copy-of-Hits-and.html
Elk Grove Police Department,CA,159,Y,"1,363,184",468,"3,693,270","1,372","5,056,454","1,840",,,https://www.documentcloud.org/documents/4432182-Data-Sharing-Report-Elk-Grove-Police-Department.html,,,,,,,https://www.documentcloud.org/documents/4639708-Elk-Grove-Police-Department-Hit-Ratio-2016-2017.html
Elmhurst Police Department,IL,79,,"1,415,946",616,"9,445,220","3,122","10,861,166","3,738",,,https://www.documentcloud.org/documents/4559250-Data-Sharing-Report-Elmhurst-Police-Department.html,https://www.documentcloud.org/documents/4560271-Elmhurst-Police-Department-Hit-Ratio-Report-2016.html,https://www.documentcloud.org/documents/4560270-Elmhurst-Police-Department-Hit-Ratio-Report-2017.html,,,,,
Emeryville Police Department,CA,138,,"8,021",4,"220,498",94,"228,519",98,,,https://www.documentcloud.org/documents/4432183-Data-Sharing-Report-Emeryville-Police-Department.html,,,,,,,http://www.documentcloud.org/documents/4439335-Emeryville-Police-Department-Untitled-Response.html
Evergreen Park Police Department,CO,18,,2,0,Not Provided,Not Provided,2,0,,,http://www.documentcloud.org/documents/4502418-Data-Sharing-Report-Evergreen-Park-Police.html,https://www.documentcloud.org/documents/4783537-Evergreen-Park-Police-Department-Hit-Ratio.html,,,,,,
Fairfield Police Department,CT,26,Y,"185,522",159,"257,585",172,"443,107",331,,,https://www.documentcloud.org/documents/4432184-Data-Sharing-Report-Fairfield-Police-Department.html,,,,,,,http://www.documentcloud.org/documents/4439320-Fairfield-Police-Department-Hit-Ratio-Report.html
Federal Way Police Department,WA,22,Y,"56,937",178,"308,256",862,"365,193","1,040",,,https://www.documentcloud.org/documents/4432185-Data-Sharing-Report-Federal-Way-Police-Department.html,http://www.documentcloud.org/documents/4439325-Federal-Way-Police-Department-Hit-Ratio-Report.html,,,,,,
Foley Police Department,AL,68,Y,n/a,n/a,n/a,n/a,0,0,,,https://www.documentcloud.org/documents/4559256-Data-Sharing-Report-Foley-Police-Department.html,,,,,,,
Folsom Police Department,CA,43,Y,"361,507",311,"4,964,182","1,359","5,325,689","1,670",,,https://www.documentcloud.org/documents/4432186-Data-Sharing-Report-Folsom-Police-Department.html,,,,,,,https://www.documentcloud.org/documents/4639713-Folsom-Police-Department-Hit-Ratio-2016-2017.html
Fort Lauderdale Police Department,FL,34,Y,"3,913,519","142,428","3,816,183","178,408","7,729,702","320,836",,,https://www.documentcloud.org/documents/4432187-Data-Sharing-Report-Fort-Lauderdale-Police.html,http://www.documentcloud.org/documents/4439326-Fort-Lauderdale-Police-Department-Hit-Ratio.html,http://www.documentcloud.org/documents/4439322-Fort-Lauderdale-Police-Department-Hit-Ratio.html,,,,,
Fort Worth Police Department,TX,102,Y,"769,745","19,092","993,706","20,448","1,763,451","39,540",,,https://www.documentcloud.org/documents/4432188-Data-Sharing-Report-Fort-Worth-Police-Department.html,,,,,,,https://www.documentcloud.org/documents/4780848-2018-Vigilant-Data-Sharing-Information-Fort.html#document/p4/a449317
Fountain Valley Police Department,CA,Not Provided,,"422,340",119,"6,111",4,"428,451",123,,,,https://www.documentcloud.org/documents/4858030-Fountain-Valley-Police-Department-Hit-Ratio.html,https://www.documentcloud.org/documents/4858029-Fountain-Valley-Police-Department-Hit-Ratio.html,,,,,
Frisco Police Department,TX,14,,"857,234","1,272","517,412",488,"1,374,646","1,760",,,https://www.documentcloud.org/documents/4432189-Data-Sharing-Report-Frisco-Police-Department.html,,,http://www.documentcloud.org/documents/4439327-Frisco-Police-Department-Detection-Report-2016.html,http://www.documentcloud.org/documents/4439316-Frisco-Police-Department-Hit-Report-2016.html,http://www.documentcloud.org/documents/4439315-Frisco-Police-Department-Detection-Report-2017.html,http://www.documentcloud.org/documents/4439307-Frisco-Police-Department-Hit-Report-2017.html,
Fullerton Police Department,CA,90,Y,"955,154",525,"358,270",196,"1,313,424",721,,,https://www.documentcloud.org/documents/4802029-Data-Sharing-Report-Fullerton-Police-Department.html,,,,,,,https://www.documentcloud.org/documents/4878368-Fullerton-Police-Department-Detection-Hit-Data.html
Gainesville Police Department,FL,65,,"113,403","2,722","22,674",388,"136,077","3,110",,,https://www.documentcloud.org/documents/4432190-Data-Sharing-Report-Gainesville-Police-Department.html,,,,,,,http://www.documentcloud.org/documents/4439308-Gainesville-Police-Department-Untitled-Report.html
Galt Police Department,CA,162,Y,"87,377",33,"18,023",12,"105,400",45,,,https://www.documentcloud.org/documents/4432191-Data-Sharing-Report-Galt-Police-Department.html,,,,,,,https://www.documentcloud.org/documents/4755887-Galt-Police-Department-Hit-Ratio-Report-2016-2017.html
Galveston Auto Theft Task Force ,TX,91,Y,"274,340,114","410,273","490,937,731","531,013","765,277,845","941,286",,,https://www.documentcloud.org/documents/4802030-Data-Sharing-Report-Galveston-Auto-Theft-Task.html,https://www.documentcloud.org/documents/4878384-Galveston-Auto-Theft-Task-Force-Hit-Ratio-Report.html,https://www.documentcloud.org/documents/4878385-Galveston-Auto-Theft-Task-Force-Hit-Ratio-Report.html,,,,,
Garden Grove Police Department,CA,82,Y,"1,217,086","1,834","250,773","1,094","1,467,859","2,928",,,https://www.documentcloud.org/documents/4432192-Data-Sharing-Report-Garden-Grove-Police-Department.html,http://www.documentcloud.org/documents/4439309-Garden-Grove-Police-Department-Hit-Ratio-Report.html,http://www.documentcloud.org/documents/4439310-Garden-Grove-Police-Department-Hit-Ratio-Report.html,,,,,
Gardena Police Department,CA,155,Y,Not Provided,Not Provided,Not Provided,Not Provided,Not Provided,Not Provided,"962,274",469,https://www.documentcloud.org/documents/4802031-Data-Sharing-Report-Gardena-Police-Department.html,,,,,,,https://www.documentcloud.org/documents/4878430-Gardena-Police-Department-Hit-Ratio-Report-All.html
Georgia Tech Police Department,GA,Not Provided,,"1,997,609","25,058","3,140,309","39,826","5,137,918","64,884",,,,https://www.documentcloud.org/documents/4559469-Georgia-Tech-Police-Department-Hit-Ratio-Report.html,https://www.documentcloud.org/documents/4559470-Georgia-Tech-Police-Department-Hit-Ratio-Report.html,,,,,
Giddings Police Department,TX,137,Y,Not Provided,Not Provided,Not Provided,Not Provided,Not Provided,Not Provided,,,http://www.documentcloud.org/documents/4502426-Data-Sharing-Report-Giddings-Police-Department.html,,,,,,,
Glendora Police Department,CA,173,Y,Not Provided,Not Provided,Not Provided,Not Provided,Not Provided,Not Provided,,,https://www.documentcloud.org/documents/4432193-Data-Sharing-Report-Glendora-Police-Department.html,,,,,,,
Golden Beach Police Department,FL,0,Y,Not Provided,"266,575",Not Provided,"150,374",Not Provided,"416,949",,,http://www.documentcloud.org/documents/4502428-Data-Sharing-Report-Golden-Beach-Police-Department.html,,,,,,,https://www.documentcloud.org/documents/4953801-Golden-Beach-Police-Department-Detections-Hits.html
Grand Junction Police Department,CO,88,Y,"2,814,352","15,351","2,780,920","12,537","5,595,272","27,888",,,http://www.documentcloud.org/documents/4502427-Data-Sharing-Report-Grand-Junction-Police.html,https://www.documentcloud.org/documents/4559397-Grand-Junction-Police-Department-Hit-Ratio.html,https://www.documentcloud.org/documents/4559396-Grand-Junction-Police-Department-Hit-Ratio.html,,,,,
Grand Prairie Police Department,TX,21,Y,"593,197","6,802","460,757","4,770","1,053,954","11,572",,,https://www.documentcloud.org/documents/4432194-Data-Sharing-Report-Grand-Prairie-Police.html,http://www.documentcloud.org/documents/4439311-Grand-Prairie-Police-Department-Hit-Ratio-Report.html,http://www.documentcloud.org/documents/4439312-Grand-Prairie-Police-Department-Hit-Ratio-Report.html,,,,,
Greece Police Department,NY,38,Y,Not Provided,Not Provided,Not Provided,Not Provided,Not Provided,Not Provided,,,https://www.documentcloud.org/documents/4802051-Data-Sharing-Report-Greece-Police-Department-NY.html,,,,,,,
Griffith Police Department,IN,11,Y,"268,572","8,478","1,081,699","37,063","1,350,271","45,541",,,https://www.documentcloud.org/documents/4559245-Data-Sharing-Report-Griffith-Police-Department.html,https://www.documentcloud.org/documents/4560284-Griffith-Police-Department-Hit-Ratio-Report-2016.html,https://www.documentcloud.org/documents/4560285-Griffith-Police-Department-Hit-Ratio-Report-2017.html,,,,,
Grosse Ile Police Department,MI,24,Y,"3,850,227","3,280","4,559,777","3,229","8,410,004","6,509",,,http://www.documentcloud.org/documents/4502416-Data-Sharing-Report-Grosse-Ile-Police-Department.html,https://www.documentcloud.org/documents/4559395-Grosse-Ile-Police-Department-Hit-Ratio-Report-2016.html,https://www.documentcloud.org/documents/4559394-Grosse-Ile-Police-Department-Hit-Ratio-Report-2017.html,,,,,
Guadalupe County Constables,TX,816,Y,Not Provided,Not Provided,Not Provided,Not Provided,Not Provided,Not Provided,"1,773,436","5,264",https://www.documentcloud.org/documents/4559252-Data-Sharing-Report-Guadalupe-County-Constables.html,,,,,,,https://www.documentcloud.org/documents/4783149-Guadalupe-County-Constables-Detections-Hits-All.html
Gwinnett Police Department,GA,34,Y,n/a,n/a,n/a,n/a,0,0,,,https://www.documentcloud.org/documents/4432196-Data-Sharing-Report-Gwinnett-County-Police.html,,,,,,,
Hamilton County Sheriff's Office,IN,76,Y,"9,337",195,"401,884","8,553","411,221","8,748",,,https://www.documentcloud.org/documents/4802033-Data-Sharing-Report-Hamilton-County-Sheriff-In.html,https://www.documentcloud.org/documents/4878442-Hamilton-County-Sheriff-in-Hit-Ratio-Report-2016.html,https://www.documentcloud.org/documents/4878443-Hamilton-County-Sheriff-in-Hit-Ratio-Report-2017.html,,,,,
Hawthorne Police Department,CA,6,,"15,857,736",0,"18,127,422","8,087","33,985,158","8,087",,,https://www.documentcloud.org/documents/5001584-Hawthorne-Police-Department-Data-Sharing-Report.html,https://www.documentcloud.org/documents/5001586-Hawthorne-Police-Department-Hit-Ratio-Report-2016.html,https://www.documentcloud.org/documents/5001587-Hawthorne-Police-Department-Hit-Ratio-Report-2017.html,,,,,
Hickory Hills Police Department,IL,717,Y,"170,735",357,"120,118",445,"290,853",802,,,https://www.documentcloud.org/documents/4802034-Data-Sharing-Report-Hickory-Hills-Police.html,,,,,,,https://www.documentcloud.org/documents/4878448-Hickory-Hills-Police-Department-Hit-Ratio-Report.html
Highland Park Department of Public Safety,CA,251,,Not Provided,Not Provided,Not Provided,Not Provided,Not Provided,Not Provided,,,https://www.documentcloud.org/documents/4559242-Data-Sharing-Report-Highland-Park-Department-of.html,,,,,,,
Hill Country Village Police Department,TX,3,Y,"65,244",65,"33,480",25,"98,724",90,,,https://www.documentcloud.org/documents/4559259-Data-Sharing-Report-Hill-Country-Village-Police.html,https://www.documentcloud.org/documents/4857923-Hill-Country-Village-Police-Department-Hit-Ratio.html,https://www.documentcloud.org/documents/4857924-Hill-Country-Village-Police-Department-Hit-Ratio.html,,,,,
Hinesville Police Department,GA,Not Provided,,"99,781","1,120","118,564","1,186","218,345","2,306",,,,,,,,,,https://www.documentcloud.org/documents/4906666-Hinesville-Police-Department-Detections-Hits.html
Hiram Police Department,GA,833,Y,"22,457",303,"9,932",122,"32,389",425,,,https://www.documentcloud.org/documents/4501408-Hiram-Police-Department-Data-Sharing-Report.html,https://www.documentcloud.org/documents/4559413-Hiram-Police-Department-Hit-Ratio-Report-2016.html,https://www.documentcloud.org/documents/4559412-Hiram-Police-Department-Hit-Ratio-Report-2017.html,,,,,
Hogansville Police Department,GA,233,Y,Not Provided,Not Provided,Not Provided,Not Provided,"196,280","2,459",,,http://www.documentcloud.org/documents/4502420-Data-Sharing-Report-Hogansville-Police-Department.html,,,,,,,https://www.documentcloud.org/documents/4639694-Hogansville-Police-Department-Hit-Ratio-2016-2017.html
Indian Creek Police Department,FL,38,,n/a,956,"140,440","3,446","140,440","4,402",,,http://www.documentcloud.org/documents/4502421-Data-Sharing-Report-Indian-Creek-Village-Police.html,,https://www.documentcloud.org/documents/4559393-Indian-Creek-Village-Hit-Ratio-Report-2017.html,,,,,
Indiana State Police,IN,3,,"257,267","9,189","565,765","21,887","823,032","31,076",,,https://www.documentcloud.org/documents/4432197-Data-Sharing-Report-Indiana-State-Police.html,http://www.documentcloud.org/documents/4439313-Indiana-State-Police-Hit-Ratio-Report-2016.html,http://www.documentcloud.org/documents/4439314-Indiana-State-Police-Hit-Ratio-Report-2017.html,,,,,
Indianapolis Metropolitan Police Department,IN,46,Y,"4,404,156","106,046","3,186,291","75,380","7,590,447","181,426",,,https://www.documentcloud.org/documents/4501650-Data-Sharing-Report-Indianapolis-Metropolitan.html,https://www.documentcloud.org/documents/4559471-Indianapolis-Metropolitan-Police-Department-Hit.html,https://www.documentcloud.org/documents/4559472-Indianapolis-Metropolitan-Police-Department-Hit.html,,,,,
Irvine Police Department,CA,95,Y,"489,286",210,"544,828",283,"1,034,114",493,,,https://www.documentcloud.org/documents/4432198-Data-Sharing-Report-Irvine-Police-Department.html,,,,,,,http://www.documentcloud.org/documents/4439305-Irvine-Police-Department-Hit-Ratio-Report-2016.html
Johnson County Sheriff's Office,KS,101,,Not Provided,Not Provided,Not Provided,Not Provided,Not Provided,Not Provided,,,https://www.documentcloud.org/documents/4501618-Data-Sharing-Report-Johnson-County-Sheriff.html,,,,,,,
Kansas City Police Department,MO,Not Provided,,"9,545,342","700,831","37,209,437","2,828,030","46,754,779","3,528,861",,,,,,,,,,http://www.documentcloud.org/documents/4439296-Kansas-City-Missouri-Police-Department-Untitled.html
Kennesaw Police Department,GA,273,Y,Not Provided,Not Provided,Not Provided,Not Provided,Not Provided,Not Provided,"408,819","7,058",https://www.documentcloud.org/documents/4432199-Data-Sharing-Report-Kennesaw-Police-Department.html,,,,,,,http://www.documentcloud.org/documents/4439297-Kennesaw-Police-Department-Hit-Ratio-Report-All.html
Killeen Police Department,TX,66,,n/a,n/a,"82,570",208,"82,570",208,,,https://www.documentcloud.org/documents/4432200-Data-Sharing-Report-Killeen-Police-Department.html,,http://www.documentcloud.org/documents/4439306-Killeen-Police-Department-Hit-Ratio-Report-2017.html,,,,,
Kings Point Police Department,NY,Not Provided,,"12,404,351","43,843","12,072,050","36,157","24,476,401","80,000",,,,,,,,,,https://www.eff.org/document/kings-point-police-department-alpr-statistics
La Habra Police Department,CA,156,Y,"193,278",85,"357,183",175,"550,461",260,,,https://www.documentcloud.org/documents/4559235-Data-Sharing-Report-La-Habra-Police-Department.html,https://www.documentcloud.org/documents/4755266-La-Habra-Police-Department-Hit-Ratio-Report-2016.html,https://www.documentcloud.org/documents/4560283-La-Habra-Police-Department-Hit-Ratio-Report-2017.html,,,,,
La Mesa Police Department,CA,60,Y,n/a,n/a,"217,076",125,"217,076",125,,,https://www.documentcloud.org/documents/4432201-Data-Sharing-Report-La-Mesa-Police-Department.html,,,,,,,http://www.documentcloud.org/documents/4439292-La-Mesa-Police-Department-Hot-List-Report-2017.html
La Palma Police Department,CA,28,Y,n/a,n/a,n/a,n/a,0,0,,,https://www.documentcloud.org/documents/4559249-Data-Sharing-Report-La-Palma-Police-Department.html,,,,,,,
La Verne Police Department,CA,137,Y,Not Provided,Not Provided,Not Provided,Not Provided,Not Provided,Not Provided,,,https://www.documentcloud.org/documents/4802035-Data-Sharing-Report-La-Verne-Police-Department.html,,,,,,,
Lafayette Police Department,LA,814,Y,Not Provided,Not Provided,Not Provided,42,Not Provided,42*,,,https://www.documentcloud.org/documents/4432202-Data-Sharing-Report-Lafayette-Police-Department.html,,,,,,https://www.documentcloud.org/documents/4857817-Lafayette-Police-Department-Hits-2017.html,
Laguna Beach Police Department,CA,34,Y,"25,431,433","24,467","23,277,749","19,908","48,709,182","44,375",,,https://www.documentcloud.org/documents/4559253-Data-Sharing-Report-Laguna-Beach-Police-Department.html,https://www.documentcloud.org/documents/4560273-Laguna-Beach-Police-Department-Hit-Ratio-Report.html,https://www.documentcloud.org/documents/4560274-Laguna-Beach-Police-Department-Hit-Ratio-Report.html,,,,,
Lewisville Police Department,TX,29,Y,"489,309","1,617","34,511",109,"523,820","1,726",,,https://www.documentcloud.org/documents/4432203-Data-Sharing-Report-Lewisville-Police-Department.html,,,http://www.documentcloud.org/documents/4439298-Lewisville-Police-Department-Detections-2016.html,http://www.documentcloud.org/documents/4439300-Lewisville-Police-Department-Hits-2016.html,http://www.documentcloud.org/documents/4439299-Lewisville-Police-Department-Detections-2017.html,http://www.documentcloud.org/documents/4439301-Lewisville-Police-Department-Hits-2017.html,
Livermore Police Department,CA,118,,"2,372,467","2,678",Not Provided,"9,092","2,372,467","11,770",,,https://www.documentcloud.org/documents/4802042-Data-Sharing-Report-Livermore-Police-Department.html,,,,,,,https://www.documentcloud.org/documents/4936555-Livermore-Police-Department-Detections-Hits-2016.html
Lodi Police Department,CA,13,Y,"66,662",99,"200,191",369,"266,853",468,,,https://www.documentcloud.org/documents/4432204-Data-Sharing-Report-Lodi-Police-Department.html,http://www.documentcloud.org/documents/4439302-Lodi-Police-Department-Hit-Ratio-Report-2016.html,http://www.documentcloud.org/documents/4439303-Lodi-Police-Department-Hit-Ratio-Report-2017.html,,,,,
Loganville Police Department,GA,209,Y,"225,099","2,507","369,041","4,392","594,140","6,899",,,https://www.documentcloud.org/documents/4559234-Data-Sharing-Report-Loganville-Police-Department.html,https://www.documentcloud.org/documents/4560275-Loganville-Police-Department-Hit-Ratio-Report-2016.html,https://www.documentcloud.org/documents/4560276-Loganville-Police-Department-Hit-Ratio-Report-2017.html,,,,,
Lombard Police Department,IL,136,Y,"1,838,363","15,993","595,908","2,197","2,434,271","18,190",,,https://www.documentcloud.org/documents/4432205-Data-Sharing-Report-Lombard-Police-Department.html,,,,,,,https://www.documentcloud.org/documents/4755895-Lombard-Police-Department-Detections-Hits-2016.html
Long Beach Police Department,CA,153,Y,"29,200,371","43,175","16,371,359","39,059","45,571,730","82,234",,,https://www.documentcloud.org/documents/4501407-Long-Beach-Police-Department-Data-Sharing-Report.html,https://www.documentcloud.org/documents/4559411-Long-Beach-Police-Department-Hit-Ratio-Report-2016.html,https://www.documentcloud.org/documents/4559410-Long-Beach-Police-Department-Hit-Ratio-Report-2017.html,,,,,
Long County Sheriff's Office,GA,157,Y,"26,015",438,"40,828",812,"66,843","1,250",,,https://www.documentcloud.org/documents/4802043-Data-Sharing-Report-Long-County-Sheriff.html,https://www.documentcloud.org/documents/4936561-Long-County-Sheriff-Hit-Ratio-Report-2016.html,https://www.documentcloud.org/documents/4936560-Long-County-Sheriff-Hit-Ratio-Report-2017.html,,,,,
Los Alamitos Police Department,CA,72,Y,"30,620",0,"13,556",4,"44,176",4,,,https://www.documentcloud.org/documents/4936594-Data-Sharing-Report-Los-Alamitos-Police-Department.html,,,,,,,https://www.documentcloud.org/documents/4936582-Los-Alamitos-Police-Department-Hit-Ratio-Report.html
Los Angeles County Sheriff's Office,CA,21,,"102,579,983","220,034","131,783,630","284,267","234,363,613","504,301",,,https://www.documentcloud.org/documents/4432206-Data-Sharing-Report-Los-Angeles-County-Sheriff.html,,,,,,,https://www.documentcloud.org/documents/4781211-Los-Angeles-County-Sheriff-Detections-Hit.html
Loves Park Police Department,IL,61,,Not Provided,Not Provided,"156,355",289,"156,355*",289*,,,http://www.documentcloud.org/documents/4502414-Data-Sharing-Report-Loves-Park-Police-Department.html,,https://www.documentcloud.org/documents/4781952-Loves-Park-Police-Department-Hit-Ratio-2017.html,,,,,
Lowndes County Sheriff's Office,GA,2,Y,"166,889","2,375","180,100","1,765","346,989","4,140",,,https://www.documentcloud.org/documents/4432207-Data-Sharing-Report-Lowndes-County-Sheriffs-Office.html,,,,,,,http://www.documentcloud.org/documents/4439293-Los-Angeles-County-Sheriff-Untitled-Report-2016.html
Lufkin Police Department,TX,182,Y,Not Provided,Not Provided,Not Provided,Not Provided,Not Provided,Not Provided,,,https://www.documentcloud.org/documents/4559258-Data-Sharing-Report-Lufkin-Police-Department.html,,,,,,,
Manhattan Beach Police Department,CA,0,,n/a,n/a,"16,441,095","5,902","16,441,095","5,902",,,https://www.documentcloud.org/documents/4802048-Data-Sharing-Report-Manhattan-Beach-Police.html,,https://www.documentcloud.org/documents/4936566-Manhattan-Beach-Police-Department-Detections.html,,,,,
Marietta Police Department,GA,538,Y,966,14,"212,975","3,181","213,941","3,195",,,https://www.documentcloud.org/documents/4559240-Data-Sharing-Report-Marietta-Police-Department.html,https://www.documentcloud.org/documents/4560277-Marietta-Police-Department-Hit-Ratio-Report-2016.html,https://www.documentcloud.org/documents/4560278-Marietta-Police-Department-Hit-Ratio-Report-2017.html,,,,,
Martinez Police Department,CA,12,Y,n/a,n/a,"1,485,252",732,"1,485,252",732,,,http://www.documentcloud.org/documents/4502415-Data-Sharing-Report-Martinez-Police-Department.html,,https://www.documentcloud.org/documents/4559392-Martinez-Police-Department-Hit-Ratio-Report-2017.html,,,,,
McDonough Police Department,GA,33,Y,"332,549","4,532","129,412","1,691","461,961","6,223",,,https://www.documentcloud.org/documents/4432208-Data-Sharing-Report-McDonough-Police-Department.html,http://www.documentcloud.org/documents/4439294-Lowndes-County-Sheriff-Hit-Ratio-Report-2016.html,http://www.documentcloud.org/documents/4439295-Lowndes-County-Sheriff-Hit-Ratio-Report-2017.html,,,,,
Medford Police Department,OR,160,,n/a,n/a,n/a,n/a,n/a,n/a,,,https://www.documentcloud.org/documents/4432209-Data-Sharing-Report-Medford-Police-Department.html,,,,,,,
Merced Police Department,CA,838,Y,n/a,n/a,"3,941",954,"3,941*",954*,,,https://www.documentcloud.org/documents/4432210-Data-Sharing-Report-Merced-Police-Department.html,,,,,,,http://www.documentcloud.org/documents/4439284-Merced-Police-Department-Detection-Report-2017.html
Mesquite Police Department,TX,Data Incomplete,,"730,150","6,929","808,896","7,674","1,539,046","14,603",,,https://www.documentcloud.org/documents/4501619-Data-Sharing-Report-Mesquite-Police-Department.html,,,,,,,http://www.documentcloud.org/documents/4439304-Mesquite-Police-Department-ALPR-Data-2016-2017.html
Metter Police Department,GA,169,Y,227,1,"51,522",937,"51,749",938,,,http://www.documentcloud.org/documents/4502422-Data-Sharing-Report-Metter-Police-Department.html,https://www.documentcloud.org/documents/4559391-Metter-Police-Department-Hit-Ratio-Report-2016.html,https://www.documentcloud.org/documents/4559390-Metter-Police-Department-Hit-Ratio-Report-2017.html,,,,,
Miami Police Department,FL,42,Y,"5,343,124","194,373","1,195,756","68,275","6,538,880","262,648",,,https://www.documentcloud.org/documents/4432211-Data-Sharing-Report-Miami-Police-Department.html,,,https://www.documentcloud.org/documents/4787373-Miami-Police-Department-Detection-Report-2016.html,https://www.documentcloud.org/documents/4787372-Miami-Police-Department-Hit-Report-2016.html,https://www.documentcloud.org/documents/4787371-Miami-Police-Department-Detection-Report-2017.html,https://www.documentcloud.org/documents/4787370-Miami-Police-Department-Hit-Report-2017.html,
Midland Police Department,TX,40,Y,Not Provided,Not Provided,Not Provided,Not Provided,Not Provided,Not Provided,,,https://www.documentcloud.org/documents/4432212-Data-Sharing-Report-Midland-Police-Department.html,,,,,,,
Midlothian Police Department,TX,100,Y,Not Provided,Not Provided,Not Provided,Not Provided,Not Provided,Not Provided,,,http://www.documentcloud.org/documents/4502423-Data-Sharing-Report-Midlothian-Police-Department.html,,,,,,,
Mill Valley Police Department,CA,8,,Not Provided,Not Provided,"113,209",700,"113,209*",700*,,,https://www.documentcloud.org/documents/4559239-Data-Sharing-Report-Mill-Valley-Police-Department.html,,https://www.documentcloud.org/documents/4560279-Mill-Valley-Police-Department-Hit-Ratio-Report.html,,,,,
Millburn Police Department,NJ,4,,"1,442,004","15,065","1,341,065","16,650","2,783,069","31,715",,,https://www.documentcloud.org/documents/4559237-Data-Sharing-Report-Millburn-Police-Department.html,https://www.documentcloud.org/documents/4560280-Millburn-Police-Department-Hit-Ratio-Report-2016.html,https://www.documentcloud.org/documents/4560272-Millburn-Police-Department-Hit-Ratio-Report-2017.html,,,,,
Modesto Police Department,CA,10,,"202,214",77,"1,117,265",323,"1,319,479",400,,,https://www.documentcloud.org/documents/4432213-Data-Sharing-Report-Modesto-Police-Department.html,,,,,,,http://www.documentcloud.org/documents/4439285-Modesto-Police-Department-Hit-Ratio-Report-2016.html
Montebello Police Department,CA,610,Y,"26,258",26,"102,811",80,"129,069",106,,,https://www.documentcloud.org/documents/4946405-Data-Sharing-Report-Montebello-Police-Department.html,,,,,,,https://www.eff.org/document/montebello-police-department-alpr-detectionhit-data-2016-2017
Mounds View Police Department,MN,0,,"77,914","1,077","71,616","1,192","149,530","2,269",,,https://www.documentcloud.org/documents/4501443-Data-Sharing-Report-Mounds-View-Police-Department.html,https://www.documentcloud.org/documents/4559409-Mounds-View-Police-Detection-and-Hit-Report-2016.html,https://www.documentcloud.org/documents/4559408-Mounds-View-Police-Detection-and-Hit-Report-2017.html,,,,,
Munster Police Department,TX,827,Y,"6,711,831","136,702","11,376,376","201,781","18,088,207","338,483",,,https://www.documentcloud.org/documents/4501651-Data-Sharing-Report-Munster-Police-Department.html,https://www.documentcloud.org/documents/4781215-Munster-Police-Department-Hit-Ratio-Report-2016.html,https://www.documentcloud.org/documents/4781216-Munster-Police-Department-Hit-Ratio-Report-2017.html,,,,,
Naperville Police Department,IL,83,Y,Not Provided,Not Provided,Not Provided,Not Provided,Not Provided,Not Provided,,,https://www.documentcloud.org/documents/4432214-Data-Sharing-Report-Naperville-Police-Department.html,,,,,,,
New Jersey State Police,NJ,Not Provided,,"13,518,669","94,309","6,799,024","60,582","20,317,693","154,891",,,,,,,,,,https://www.documentcloud.org/documents/4946412-New-Jersey-State-Police-Hits-Detections-2016-2017.html
Northern California Regional Intelligence Center,CA,59,Y,Not Provided,Not Provided,Not Provided,Not Provided,Not Provided,Not Provided,,,http://www.documentcloud.org/documents/4502425-Data-Sharing-Report-Northern-California-Regional.html,,,,,,,
Orange County District Attorney's Office,CA,0,,n/a,n/a,n/a,n/a,0,0,,,https://www.documentcloud.org/documents/4432215-Data-Sharing-Report-Orange-County-District.html,,,,,,,
Orange County Sheriff's Office,CA,110,,"691,186",452,"1,186,922",776,"1,878,108","1,228",,,https://www.documentcloud.org/documents/4432217-Data-Sharing-Report-Orange-County-Sheriffs.html,http://www.documentcloud.org/documents/4439286-Orange-County-Sheriff-S-Office-Hit-Ratio-Report.html,http://www.documentcloud.org/documents/4439287-Orange-County-Sheriff-S-Office-Hit-Ratio-Report.html,,,,,
Orange Police Department,CA,277,,"946,429",629,"911,729",660,"1,858,158","1,289",,,https://www.documentcloud.org/documents/4501460-Data-Sharing-Report-Orange-Police-Department.html,https://www.documentcloud.org/documents/4781212-Orange-Police-Department-Hit-Ratio-Report-2016.html,https://www.documentcloud.org/documents/4781213-Orange-Police-Department-Hit-Ratio-Report-2017.html,,,,,
Oxnard Police Department,CA,0,,n/a,n/a,"154,659",89,"154,659",89,,,https://www.documentcloud.org/documents/4432218-Data-Sharing-Report-Oxnard-Police-Department.html,,http://www.documentcloud.org/documents/4439288-Oxnard-Police-Department-Hit-Ratio-Report-2017.html,,,,,
Palo Alto Police Department,CA,41,,n/a,n/a,"2,591,018","1,451","2,591,018","1,451",,,https://www.documentcloud.org/documents/4501549-Data-Sharing-Report-Palo-Alto-Police-Department.html,,,,,,,http://www.documentcloud.org/documents/4439289-Palo-Alto-Police-Department-Reads-Statistics.html
Pasadena Police Department,CA,14,Y,"1,667,986",0,"3,087,026",564,"4,755,012",564,,,https://www.documentcloud.org/documents/4432219-Data-Sharing-Report-Pasadena-Police-Department.html,,,http://www.documentcloud.org/documents/4439290-Pasadena-Police-Department-Detection-Report-2016.html,,http://www.documentcloud.org/documents/4439291-Pasadena-Police-Department-Detection-Report-2017.html,http://www.documentcloud.org/documents/4439277-Pasadena-Police-Department-Hit-Ratio-Report-2017.html,
Pearland Police Department,TX,69,Y,"283,401",641,"359,132",702,"642,533","1,343",,,https://www.documentcloud.org/documents/4432221-Data-Sharing-Report-Pearland-Police-Department.html,,,,,,,http://www.documentcloud.org/documents/4439279-Pearland-Police-Department-Detection-Report-2016.html
Plano Police Department,TX,55,,"1,261,020","5,022","1,355,070","5,440","2,616,090","10,462",,,https://www.documentcloud.org/documents/4432222-Data-Sharing-Report-Plano-Police-Department.html,,,,,,,http://www.documentcloud.org/documents/4439280-Plano-Police-Department-Untitled-Report-2016-2017.html
Pomona Police Department,CA,0,,"5,315,678","8,813","5,704,294","9,017","11,019,972","17,830",,,https://www.documentcloud.org/documents/4432223-Data-Sharing-Report-Pomona-Police-Department.html,,,,,,,http://www.documentcloud.org/documents/4439281-Pomona-Police-Department-ALPR-Data-2016-2017.html
Ramsey County Sheriff's Office,MN,0,Y,Not Provided,Not Provided,Not Provided,Not Provided,Not Provided,Not Provided,,,https://www.documentcloud.org/documents/4432224-Data-Sharing-Report-Ramsey-County-Sheriff.html,,,,,,,
Redlands Police Department,CA,0,,Not Provided,Not Provided,Not Provided,Not Provided,Not Provided,Not Provided,,,https://www.documentcloud.org/documents/4432225-Data-Sharing-Report-Redlands-Police-Department.html,,,,,,,
Richardson Police Department,TX,16,Y,"896,091","3,007","563,437","1,962","1,459,528","4,969",,,https://www.documentcloud.org/documents/4432226-Data-Sharing-Report-Richardson-Police-Department.html,http://www.documentcloud.org/documents/4439282-Richardson-Police-Department-Hit-Ratio-Report-2016.html,http://www.documentcloud.org/documents/4439283-Richardson-Police-Department-Hit-Ratio-Report-2017.html,,,,,
Richmond Police Department,CA,113,N,"789,318","1,412","1,444,895","2,043","2,234,213","3,455",,,https://www.documentcloud.org/documents/4946415-Data-Sharing-Report-Richmond-Police-Department.html,,,,,,,https://www.documentcloud.org/documents/4952877-Richmond-Police-Department-Hit-Ratio-2016-2017.html
Rockford Police Department,IL,2,Y,n/a,n/a,"236,879","1,442","236,879","1,442",,,https://www.documentcloud.org/documents/4432227-Data-Sharing-Report-Rockford-Police-Department.html,,,,,,,
Roswell GA Police Department,GA,539,Y,"594,083","7,822","691,605","8,453","1,285,688","16,275",,,https://www.documentcloud.org/documents/4432229-Data-Sharing-Report-Roswell-GA-Police-Department.html,http://www.documentcloud.org/documents/4439275-Roswell-GA-Police-Department-Hit-Ratio-Report-2016.html,http://www.documentcloud.org/documents/4439261-Roswell-GA-Police-Department-Hit-Ratio-Report-2017.html,,,,,
Round Rock Police Department,TX,124,Y,Not Provided,Not Provided,Not Provided,Not Provided,Not Provided,Not Provided,,,https://www.documentcloud.org/documents/4432230-Data-Sharing-Report-Round-Rock-Police-Department.html,,,,,,,http://www.documentcloud.org/documents/4439276-Round-Rock-Police-Department-Hot-List-Report.html
Sacramento County District Attorney's Office,CA,364,,n/a,n/a,n/a,n/a,n/a,n/a,,,https://www.documentcloud.org/documents/4432231-Data-Sharing-Report-Sacramento-County-District.html,,,,,,,
Sacramento County Sheriff's Office,CA,838,Y,"7,850,694","25,255","71,621,709","296,886","79,472,403","322,141",,,https://www.documentcloud.org/documents/4432232-Data-Sharing-Report-Sacramento-County-Sheriff.html,,,,,,,https://www.documentcloud.org/documents/4621994-Sacramento-County-Sheriff-Dashboard-Hit-Ratio.html
Sacramento Police Department,CA,809,Y,"57,427,581","63,335","58,805,326","56,689","116,232,907","120,024",,,https://www.documentcloud.org/documents/4432233-Data-Sharing-Report-Sacramento-Police-Department.html,https://www.documentcloud.org/documents/4439266-Sacramento-Police-Department-Hit-Ratio-Report-2016.html,https://www.documentcloud.org/documents/4439262-Sacramento-Police-Department-Hit-Ratio-Report-2017.html,,,,,
San Bernadino County Sheriff's Office,CA,213,Y,"59,290,477","36,223","103,400,892","53,824","162,691,369","90,047",,,https://www.documentcloud.org/documents/4432234-Data-Sharing-Report-San-Bernardino-County-Sheriff.html,,,,,,,
San Bernardino Police Department,CA,61,Y,"7,468,677","10,413","8,693,063","10,200","16,161,740","20,613",,,https://www.documentcloud.org/documents/4312407-Data-Sharing-Report-San-Bernardino-Police.html,https://www.documentcloud.org/documents/4755936-San-Bernardino-Police-Department-Hit-Ratio.html,https://www.documentcloud.org/documents/4755935-San-Bernardino-Police-Department-Hit-Ratio.html,,,,,
San Diego County Sheriff's Office,CA,2,,"3,602,153","1,922","3,327,300","1,677","6,929,453","3,599",,,https://www.documentcloud.org/documents/4432236-Data-Sharing-Report-San-Diego-County-Sheriff.html,,,,,,,http://www.documentcloud.org/documents/4439268-San-Diego-County-Sheriff-Hit-Ratio-2016-2017.html
San Diego Police Department,CA,563,Y,"493,150",98,"203,307",274,"696,457",372,,,https://www.documentcloud.org/documents/4952878-Data-Sharing-Report-San-Diego-Police-Department.html,https://www.documentcloud.org/documents/4952885-San-Diego-Police-Department-Detections-Hits-2016.html,https://www.documentcloud.org/documents/4952879-San-Diego-Police-Department-Hit-Ratio-Report-2017.html,,,,,
San Mateo Auto Theft Task Force,CA,65,,n/a,n/a,"1,915,122","1,680","1,915,122","1,680",,,https://www.documentcloud.org/documents/4432237-Data-Sharing-Report-San-Mateo-County-Auto-Theft.html,,https://www.documentcloud.org/documents/4439270-San-Mateo-County-Sheriff-CPRA-Request-Report.html,,,,,
San Mateo County Sheriff's Office,CA,83,Y,"4,261,551",919,"12,074,423","3,697","16,335,974","4,616",,,https://www.documentcloud.org/documents/4432238-Data-Sharing-Report-San-Mateo-County-Sheriff.html,,,,,,,http://www.documentcloud.org/documents/4439269-San-Mateo-County-Sheriff-CPRA-Request-Report.html
Santa Ana Police Department,CA,97,,"918,699","2,677","136,622",298,"1,055,321","2,975",,,https://www.documentcloud.org/documents/4432239-Data-Sharing-Report-Santa-Ana-Police-Department.html,http://www.documentcloud.org/documents/4439263-Santa-Ana-Police-Department-Hit-Ratio-Report-2016.html,http://www.documentcloud.org/documents/4439271-Santa-Ana-Police-Department-Hit-Ratio-Report-2017.html,,,,,
Scottsdale Police Department,AZ,1,,"1,042,119","3,123","1,093,970","2,547","2,136,089","5,670",,,https://www.documentcloud.org/documents/4432240-Data-Sharing-Report-Scottsdale-Police-Department.html,http://www.documentcloud.org/documents/4439253-Scottsdale-Police-Department-Hit-Ratio-Report-2016.html,http://www.documentcloud.org/documents/4439254-Scottsdale-Police-Department-Hit-Ratio-Report-2017.html,,,,,
Simi Valley Police Department,CA,766,,"226,805",102,"202,669",141,"429,474",243,,,https://www.documentcloud.org/documents/4432241-Data-Sharing-Report-Simi-Valley-Police-Department.html,http://www.documentcloud.org/documents/4439255-Simi-Valley-Police-Department-Hit-Ratio-Report.html,http://www.documentcloud.org/documents/4439256-Simi-Valley-Police-Department-Hit-Ratio-Report.html,,,,,
SOSINK,OH,24,Y,See: Cincinnati Police Department,See: Cincinnati Police Department,See: Cincinnati Police Department,See: Cincinnati Police Department,See: Cincinnati Police Department,See: Cincinnati Police Department,,,https://www.documentcloud.org/documents/4432242-Data-Sharing-Report-SOSINK.html,,,,,,,
Springfield Police Department,MO,21,Y,"452,539","4,612","257,426","1,944","709,965","6,556",,,https://www.documentcloud.org/documents/4501458-Data-Sharing-Report-Springfield-Police.html,,,https://www.documentcloud.org/documents/4780856-Springfield-Police-Department-Detection-Data.html,https://www.documentcloud.org/documents/4780858-Springfield-Police-Department-Hit-Data-Report-2016.html,https://www.documentcloud.org/documents/4780857-Springfield-Police-Department-Detection-Data.html,https://www.documentcloud.org/documents/4780859-Springfield-Police-Department-Hit-Data-Report-2017.html,
St. Charles Police Department,MO,144,Y,"128,996",838,"572,904","4,202","701,900","5,040",,,https://www.documentcloud.org/documents/4432243-Data-Sharing-Report-St-Charles-Police-Department.html,https://www.documentcloud.org/documents/4780855-St-Charles-Police-Department-Hit-Ratio-Report-2016.html,http://www.documentcloud.org/documents/4439258-St-Charles-Police-Department-Hit-Ratio-Report-2017.html,,,,,
St. Louis County Police Department,MO,1,,Not Provided,Not Provided,Not Provided,Not Provided,Not Provided,Not Provided,,,https://www.documentcloud.org/documents/4432244-Data-Sharing-Report-St-Louis-County-Police.html,,,,,,,
Stockton Police Department,CA,14,Y,n/a,n/a,"201,728",211,"201,728",211,,,https://www.documentcloud.org/documents/4432245-Data-Sharing-Report-Stockton-Police-Department.html,,http://www.documentcloud.org/documents/4439264-Stockton-Police-Department-Data-Sharing-Report.html,,,,,
Tarrant County District Attorney's Office,TX,0,,n/a,n/a,n/a,n/a,0,0,,,https://www.documentcloud.org/documents/4432246-Data-Sharing-Report-Tarrant-County-District.html,,,,,,,
Texas Department of Public Safety,TX,Not Provided,,"29,841,812",Not Provided,"38,876,596",Not Provided,"68,718,408",0,,,https://www.documentcloud.org/documents/4952895-Data-Sharing-Report-Texas-Department-of-Public.html,,,,,,,https://www.documentcloud.org/documents/4952893-Texas-Department-of-Public-Safety-Detections.html
Tifton Police Department,GA,105,Y,"33,433",406,"68,729",906,"102,162","1,312",,,https://www.documentcloud.org/documents/4432247-Data-Sharing-Report-Tifton-Police-Department.html,http://www.documentcloud.org/documents/4439259-Tifton-Police-Department-Hit-Ratio-Report-2016.html,http://www.documentcloud.org/documents/4439260-Tifton-Police-Department-Hit-Ratio-Report-2017.html,,,,,
Torrance Police Department,CA,125,Y,n/a,n/a,"63,024,659","121,222","63,024,659*","121,222*",,,https://www.documentcloud.org/documents/4432248-Data-Sharing-Report-Torrance-Police-Department.html,,,,,http://www.documentcloud.org/documents/4439251-Torrance-Police-Department-Scan-Density-Report.html,http://www.documentcloud.org/documents/4439245-Torrance-Police-Department-Scan-Density-Report.html,
Travis County Sheriff's Office,TX,301,Y,"1,742,207","3,308","1,371,753","2,482","3,113,960","5,790",,,https://www.documentcloud.org/documents/4432249-Data-Sharing-Report-Travis-County-Sheriffs-Office.html,,,,,,,http://www.documentcloud.org/documents/4439252-Travis-County-Sheriff-S-Office-Hit-Ratio-2016-2017.html
U.S. Forest Service,US,390 (Data Incomplete),Not Provided,"32,591",0,0,0,"32,591",0,,,https://www.documentcloud.org/documents/4952896-Data-Sharing-Report-US-Forest-Service.html,,,,,,,
University of Georgia Police Department,GA,0,Y,"64,495",804,"1,238,147","16,504","1,302,642","17,308",,,https://www.documentcloud.org/documents/4432250-Data-Sharing-Report-University-of-Georgia-Police.html,http://www.documentcloud.org/documents/4439246-University-of-Georgia-Police-Department-Hit.html,http://www.documentcloud.org/documents/4439247-University-of-Georgia-Police-Department-Hit.html,,,,,
Woodland Police Department,WA,41,Y,n/a,n/a,"130,346",0,"130,346",0,,,https://www.documentcloud.org/documents/4432251-Data-Sharing-Report-Woodland-Police-Department.html,,http://www.documentcloud.org/documents/4439248-Woodland-Police-Department-Hit-Ratio-Report-2017.html,,,,,
Woodway Police Department,TX,417,Y,"259,589","1,039","412,841","1,435","672,430","2,474",,,https://www.documentcloud.org/documents/4432252-Data-Sharing-Report-Woodway-Police-Department.html,,,,,,,http://www.documentcloud.org/documents/4439265-Woodway-Police-Department-Hit-Ratio-Report-2016.html
Yakima Police Department,WA,324,Y,"555,872",592,"314,049",335,"869,921",927,,,https://www.documentcloud.org/documents/4432253-Data-Sharing-Report-Yakima-Police-Department.html,http://www.documentcloud.org/documents/4439249-Yakima-Police-Department-Hit-Ratio-Report-2016.html,http://www.documentcloud.org/documents/4439250-Yakima-Police-Department-Hit-Ratio-Report-2017.html,,,,,
